"case_id","role","work_title","court_decision","label","source_mscz","midi_file","conversion_ok"
"0","original","Marvin Gaye Got to Give it Up","infringement","1","source_mscz/00a_Marvin_Gaye_Got_to_Give_it_Up_m.mscz","midi/original/case00_original.mid","True"
"0","comparison","Robin Thicke Blurred Lines","infringement","1","source_mscz/00b_Robin_Thicke_Blurred_Lines_m.mscz","midi/comparison/case00_comparison.mid","True"
"1","original","Parker Ain't That a Lot of Loving","no infringement","0","source_mscz/01a_Parker_Ain't_That_a_Lot_of_Loving_m.mscz","midi/original/case01_original.mid","True"
"1","comparison","Winwood Gimme Some Lovin'","no infringement","0","source_mscz/01b_Winwood_Gimme_Some_Lovin'_m.mscz","midi/comparison/case01_comparison.mid","True"
"2","original","Eight Mile Style Lose Yourself","infringement","1","source_mscz/02a_Eight_Mile_Style_Lose_Yourself_m.mscz","midi/original/case02_original.mid","True"
"2","comparison","New Zealand National Party Eminem Esque","infringement","1","source_mscz/02b_New_Zealand_National_Party_Eminem_Esque_m.mscz","midi/comparison/case02_comparison.mid","True"
"3","original","Bowen Remind Me","no infringement","0","source_mscz/03a_Bowen_Remind_Me_m.mscz","midi/original/case03_original.mid","True"
"3","comparison","Paisley Remind Me","no infringement","0","source_mscz/03b_Paisley_Remind_Me_m.mscz","midi/comparison/case03_comparison.mid","True"
"4","original","Joel McDonald Made in America","no infringement","0","source_mscz/04a_Joel_McDonald_Made_in_America_m.mscz","midi/original/case04_original.mid","True"
"4","comparison","Kanye West Made in America","no infringement","0","source_mscz/04b_Kanye_West_Made_in_America_m.mscz","midi/comparison/case04_comparison.mid","True"
"5","original","Rebecca Francescatti Juda","no infringement","0","source_mscz/05a_Rebecca_Francescatti_Juda_m.mscz","midi/original/case05_original.mid","True"
"5","comparison","Stefani Germanotta Judas","no infringement","0","source_mscz/05b_Stefani_Germanotta_Judas_m.mscz","midi/comparison/case05_comparison.mid","True"
"6","original","Vincent Peters Stronger","no infringement","0","source_mscz/06a_Vincent_Peters_Stronger_m.mscz","midi/original/case06_original.mid","True"
"6","comparison","Kanye West Stronger","no infringement","0","source_mscz/06b_Kanye_West_Stronger_m.mscz","midi/comparison/case06_comparison.mid","True"
"7","original","David and Peter Currin I'm Frontin'","no infringement","0","source_mscz/07a_David_and_Peter_Currin_I'm_Frontin'_m.mscz","midi/original/case07_original.mid","True"
"7","comparison","Pharrell Williams Frontin","no infringement","0","source_mscz/07b_Pharrell_Williams_Frontin_m.mscz","midi/comparison/case07_comparison.mid","True"
"8","original","Larrikin Music Publishing Ltd Kookaburra Sits in the Old Gum Tree","infringement","1","source_mscz/08a_Larrikin_Music_Publishing_Ltd_Kookaburra_Sits_in_the_Old_Gum_Tree_m.mscz","midi/original/case08_original.mid","True"
"8","comparison","EMI Songs Australia Plty Ltd Down Under","infringement","1","source_mscz/08b_EMI_Songs_Australia_Plty_Ltd_Down_Under_m.mscz","midi/comparison/case08_comparison.mid","True"
"9","original","Samuel Steele Man I Really Love This Team","no infringement","0","source_mscz/09a_Samuel_Steele_Man_I_Really_Love_This_Team_m.mscz","midi/original/case09_original.mid","True"
"9","comparison","Jon Bongiovi I Love This Town","no infringement","0","source_mscz/09b_Jon_Bongiovi_I_Love_This_Town_m.mscz","midi/comparison/case09_comparison.mid","True"
"10","original","George Clinton Atomic Dog","infringement","1","source_mscz/10a_George_Clinton_Atomic_Dog_m.mscz","midi/original/case10_original.mid","True"
"10","comparison","Public Announcement D.O.G. In Me","infringement","1","source_mscz/10b_Public_Announcement_D.O.G._In_Me_m.mscz","midi/comparison/case10_comparison.mid","True"
"11","original","Luther Campbell Its Your Birthday","no infringement","0","source_mscz/11a_Luther_Campbell_Its_Your_Birthday_m.mscz","midi/original/case11_original.mid","True"
"11","comparison","Curtis James Jackson In Da Club","no infringement","0","source_mscz/11b_Curtis_James_Jackson_In_Da_Club_m.mscz","midi/comparison/case11_comparison.mid","True"
"12","original","Lo Liangshan Love Song","infringement","1","source_mscz/12a_Lo_Liangshan_Love_Song_m.mscz","midi/original/case12_original.mid","True"
"12","comparison","Hu Bye Bye My Lover!","infringement","1","source_mscz/12b_Hu_Bye_Bye_My_Lover!_m.mscz","midi/comparison/case12_comparison.mid","True"
"13","original","Jerome Temple Back That Ass Up","no infringement","0","source_mscz/13a_Jerome_Temple_Back_That_Ass_Up_m.mscz","midi/original/case13_original.mid","True"
"13","comparison","Terius Gray Back That Azz Up","no infringement","0","source_mscz/13b_Terius_Gray_Back_That_Azz_Up_m.mscz","midi/comparison/case13_comparison.mid","True"
"14","original","Ralph Vargas and Bland-Ricky Roberts Bust Dat Groove Without Ride","no infringement","0","source_mscz/14a_Ralph_Vargas_and_Bland-Ricky_Roberts_Bust_Dat_Groove_Without_Ride_m.mscz","midi/original/case14_original.mid","True"
"14","comparison","Brian Transeau Advertisement for Celebrex","no infringement","0","source_mscz/14b_Brian_Transeau_Advertisement_for_Celebrex_m.mscz","midi/comparison/case14_comparison.mid","True"
"15","original","Yong Wang Send My Comrade to Beijing","no infringement","0","source_mscz/15a_Yong_Wang_Send_My_Comrade_to_Beijing_m.mscz","midi/original/case15_original.mid","True"
"15","comparison","Zhengben Zhu Farewell to the Red Army","no infringement","0","source_mscz/15b_Zhengben_Zhu_Farewell_to_the_Red_Army_m.mscz","midi/comparison/case15_comparison.mid","True"
"16","original","Apollo Inc When the Sun Rises","infringement","1","source_mscz/16a_Apollo_Inc_When_the_Sun_Rises_m.mscz","midi/original/case16_original.mid","True"
"16","comparison","Coca Cola (China) Inc Sunrise","infringement","1","source_mscz/16b_Coca_Cola_(China)_Inc_Sunrise_m.mscz","midi/comparison/case16_comparison.mid","True"
"17","original","Swirsky One of Those Love Songs","infringement","1","source_mscz/17a_Swirsky_One_of_Those_Love_Songs_m.mscz","midi/original/case17_original.mid","True"
"17","comparison","Carey Thank God I Found You","infringement","1","source_mscz/17b_Carey_Thank_God_I_Found_You_m.mscz","midi/comparison/case17_comparison.mid","True"
"18","original","Cottrill What You See is What You Get","no infringement","0","source_mscz/18a_Cottrill_What_You_See_is_What_You_Get_m.mscz","midi/original/case18_original.mid","True"
"18","comparison","Spears What U see is What U Get","no infringement","0","source_mscz/18b_Spears_What_U_see_is_What_U_Get_m.mscz","midi/comparison/case18_comparison.mid","True"
"19","original","Jean Hand Clapping Song","no infringement","0","source_mscz/19a_Jean_Hand_Clapping_Song_m.mscz","midi/original/case19_original.mid","True"
"19","comparison","Bug Music My Love Is Your Love","no infringement","0","source_mscz/19b_Bug_Music_My_Love_Is_Your_Love_m.mscz","midi/comparison/case19_comparison.mid","True"
"20","original","Stephan Malmstedt Jenny and I","no infringement","0","source_mscz/20a_Stephan_Malmstedt_Jenny_and_I_m.mscz","midi/original/case20_original.mid","True"
"20","comparison","Per Gessle Sleeping in my car","no infringement","0","source_mscz/20b_Per_Gessle_Sleeping_in_my_car_m.mscz","midi/comparison/case20_comparison.mid","True"
"21","original","Three Boys Music Love Is A Wonderful Thing","infringement","1","source_mscz/21a_Three_Boys_Music_Love_Is_A_Wonderful_Thing_m.mscz","midi/original/case21_original.mid","True"
"21","comparison","Michael Bolton Love Is A Wondrful Thing","infringement","1","source_mscz/21b_Michael_Bolton_Love_Is_A_Wondrful_Thing_m.mscz","midi/comparison/case21_comparison.mid","True"
"22","original","Repp Till You","no infringement","0","source_mscz/22a_Repp_Till_You_m.mscz","midi/original/case22_original.mid","True"
"22","comparison","Lloyd Webber Phantom Song","no infringement","0","source_mscz/22b_Lloyd_Webber_Phantom_Song_m.mscz","midi/comparison/case22_comparison.mid","True"
"23","original","Rene Santrayll and Michael Walker Uh Oh","no infringement","0","source_mscz/23a_Rene_Santrayll_and_Michael_Walker_Uh_Oh_m.mscz","midi/original/case23_original.mid","True"
"23","comparison","Stanley Kirk Burrell Pepsi Ad featuring Hammer","no infringement","0","source_mscz/23b_Stanley_Kirk_Burrell_Pepsi_Ad_featuring_Hammer_m.mscz","midi/comparison/case23_comparison.mid","True"
"24","original","Fantasy Run Through The Jungle","no infringement","0","source_mscz/24a_Fantasy_Run_Through_The_Jungle_m.mscz","midi/original/case24_original.mid","True"
"24","comparison","Fogerty The Old Man Down The Road","no infringement","0","source_mscz/24b_Fogerty_The_Old_Man_Down_The_Road_m.mscz","midi/comparison/case24_comparison.mid","True"
"25","original","Stavros Logarides City of Violets","no infringement","0","source_mscz/25a_Stavros_Logarides_City_of_Violets_m.mscz","midi/original/case25_original.mid","True"
"25","comparison","Evangelos Papathanasiou Chariots of Fire","no infringement","0","source_mscz/25b_Evangelos_Papathanasiou_Chariots_of_Fire_m.mscz","midi/comparison/case25_comparison.mid","True"
"26","original","Grand Upright Alone Again","infringement","1","source_mscz/26a_Grand_Upright_Alone_Again_m.mscz","midi/original/case26_original.mid","True"
"26","comparison","Warner Alone Again","infringement","1","source_mscz/26b_Warner_Alone_Again_m.mscz","midi/comparison/case26_comparison.mid","True"
"27","original","Levine Life Is A Rock","infringement","1","source_mscz/27a_Levine_Life_Is_A_Rock_m.mscz","midi/original/case27_original.mid","True"
"27","comparison","McDonalds McDonalds Menu Song","infringement","1","source_mscz/27b_McDonalds_McDonalds_Menu_Song_m.mscz","midi/comparison/case27_comparison.mid","True"
"28","original","Louis Gaste Pour Toi","infringement","1","source_mscz/28a_Louis_Gaste_Pour_Toi_m.mscz","midi/original/case28_original.mid","True"
"28","comparison","Morris Kaiserman Feelings","infringement","1","source_mscz/28b_Morris_Kaiserman_Feelings_m.mscz","midi/comparison/case28_comparison.mid","True"
"29","original","Baxter Joy","no infringement","0","source_mscz/29a_Baxter_Joy_m.mscz","midi/original/case29_original.mid","True"
"29","comparison","MCA Theme from ET","no infringement","0","source_mscz/29b_MCA_Theme_from_ET_m.mscz","midi/comparison/case29_comparison.mid","True"
"30","original","Selle Let It End","no infringement","0","source_mscz/30a_Selle_Let_It_End_m.mscz","midi/original/case30_original.mid","True"
"30","comparison","Gibb How Deep Is Your Love","no infringement","0","source_mscz/30b_Gibb_How_Deep_Is_Your_Love_m.mscz","midi/comparison/case30_comparison.mid","True"
"31","original","Herald Square Music Day By Day","infringement","1","source_mscz/31a_Herald_Square_Music_Day_By_Day_m.mscz","midi/original/case31_original.mid","True"
"31","comparison","Living Music Theme NBCs Today Show","infringement","1","source_mscz/31b_Living_Music_Theme_NBCs_Today_Show_m.mscz","midi/comparison/case31_comparison.mid","True"
"32","original","Bright Tunes Music Hes So Fine","infringement","1","source_mscz/32a_Bright_Tunes_Music_Hes_So_Fine_m.mscz","midi/original/case32_original.mid","True"
"32","comparison","Harrisongs Music My Sweet Lord","infringement","1","source_mscz/32b_Harrisongs_Music_My_Sweet_Lord_m.mscz","midi/comparison/case32_comparison.mid","True"
"33","original","Grantie Muisc Tiny Bubbles","no infringement","0","source_mscz/33a_Grantie_Muisc_Tiny_Bubbles_m.mscz","midi/original/case33_original.mid","True"
"33","comparison","United Artists Hiding The Wine","no infringement","0","source_mscz/33b_United_Artists_Hiding_The_Wine_m.mscz","midi/comparison/case33_comparison.mid","True"
"34","original","Don Raye and Hughie Prince Boogie Woogie Bugle Boy","infringement","1","source_mscz/34a_Don_Raye_and_Hughie_Prince_Boogie_Woogie_Bugle_Boy_m.mscz","midi/original/case34_original.mid","True"
"34","comparison","Earl Wilson and Billy Cunningham The Cunnilingus Champion of Co C","infringement","1","source_mscz/34b_Earl_Wilson_and_Billy_Cunningham_The_Cunnilingus_Champion_of_Co_C_m.mscz","midi/comparison/case34_comparison.mid","True"
"35","original","James Sheppard and William Miller A Thousand Miles Away","infringement","1","source_mscz/35a_James_Sheppard_and_William_Miller_A_Thousand_Miles_Away_m.mscz","midi/original/case35_original.mid","True"
"35","comparison","James Sheppard and William Miller Daddy's Home","infringement","1","source_mscz/35b_James_Sheppard_and_William_Miller_Daddy's_Home_m.mscz","midi/comparison/case35_comparison.mid","True"
"36","original","Charles Marshall I Hear You Calling Me","infringement","1","source_mscz/36a_Charles_Marshall_I_Hear_You_Calling_Me_m.mscz","midi/original/case36_original.mid","True"
"36","comparison","Jeff Godfrey Tennessee I Hear You Calling Me","infringement","1","source_mscz/36b_Jeff_Godfrey_Tennessee_I_Hear_You_Calling_Me_m.mscz","midi/comparison/case36_comparison.mid","True"
"37","original","HarumakiGohan Hachigatsu no Rainy","infringement","1","source_mscz/37a_HarumakiGohan_Hachigatsu_no_Rainy_m.mscz","midi/original/case37_original.mid","True"
"37","comparison","Mori M.A.K.E","infringement","1","source_mscz/37b_Mori_M.A.K.E_m.mscz","midi/comparison/case37_comparison.mid","True"
"38","original","Kobayashi Dokomademo Ikou","infringement","1","source_mscz/38a_Kobayashi_Dokomademo_Ikou_m.mscz","midi/original/case38_original.mid","True"
"38","comparison","Hattori Kinenju","infringement","1","source_mscz/38b_Hattori_Kinenju_m.mscz","midi/comparison/case38_comparison.mid","True"
"39","original","Harry Boulevard of Broken Dreams","no infringement","0","source_mscz/39a_Harry_Boulevard_of_Broken_Dreams_m.mscz","midi/original/case39_original.mid","True"
"39","comparison","Suzuki One Rainy Night in Tokyo","no infringement","0","source_mscz/39b_Suzuki_One_Rainy_Night_in_Tokyo_m.mscz","midi/comparison/case39_comparison.mid","True"
